{"colorGroups":[{"UV_posIndexes":[0,1,2,6,7,8,21,22,23,24,25,26,27,28,29,30,31,32,33,34,35,36,37,38,39,40,41,42,43,44,45,46,174,175,176,177,178,179,180,181,182,183,184,185,201,202,203,204],"pos":{"x":0.7791435718536377,"y":0.22511593997478486},"color":{"r":0.0,"g":0.0,"b":0.0,"a":0.0}},{"UV_posIndexes":[3,4,5,9,10,11,12,13,14,15,16,17,18,19,20,47,48,49,50,51,52,53,54,55,56,57,58,59,60,61,62,63,64,65,66,67,68,69,70,71,72,73,74,75,76,77,78,79,80,81,82,83,84,85,86,87,88,89,90,91,92,93,94,95,96,97,98,99,100,101,102,103,104,105,106,107,108,109,110,111,112,113,114,115,116,117,118,119,120,121,122,123,124,125,126,127,128,129,130,131,132,133,134,135,136,137,138,139,140,141,142,143,144,145,146,147,148,149,150,151,152,153,154,155,156,157,158,159,160,161,162,163,164,165,166,167,168,169,170,171,172,173,186,187,188,189,190,191,192,193,194,195,196,197,198,199,200],"pos":{"x":0.7758951187133789,"y":0.23097342252731324},"color":{"r":0.0,"g":0.0,"b":0.0,"a":0.0}}]}